genome	C-ARSC	N-ARSC
BD2-bin1.cds	3.10785409290344	0.32573841647748
Hypno-bin2.cds	3.13329662519085	0.316631859742721
Rose-bin3.cds	2.83437792476454	0.342252790394588
Vibrio1-bin4.cds	2.97503877733518	0.347394845947484
Vibrio2-bin5.cds	2.9841028078127	0.338659366641661
